<?xml version="1.0" encoding="UTF-8" ?>
<!DOCTYPE mapper PUBLIC "-//mybatis.org//DTD Mapper 3.0//EN"
        "http://mybatis.org/dtd/mybatis-3-mapper.dtd">
<mapper namespace="com.boot.security.server.dao.AiOperatorDao">

	<sql id="where">
		<where>
			<if test="params.id != null and params.id != ''">
				and id = #{params.id} 
			</if>
			<if test="params.name != null and params.name != ''">
				and name = #{params.name} 
			</if>
			<if test="params.description != null and params.description != ''">
				and description = #{params.description} 
			</if>
			<if test="params.level != null and params.level != ''">
				and level = #{params.level} 
			</if>
			<if test="params.EXT4 != null and params.EXT4 != ''">
				and EXT4 = #{params.EXT4} 
			</if>
			<if test="params.EXT5 != null and params.EXT5 != ''">
				and EXT5 = #{params.EXT5} 
			</if>
			<if test="params.EXT6 != null and params.EXT6 != ''">
				and EXT6 = #{params.EXT6} 
			</if>
			<if test="params.EXT1 != null and params.EXT1 != ''">
				and EXT1 = #{params.EXT1} 
			</if>
			<if test="params.EXT2 != null and params.EXT2 != ''">
				and EXT2 = #{params.EXT2} 
			</if>
			<if test="params.owernum != null and params.owernum != ''">
				and owernum = #{params.owernum} 
			</if>
		
		</where>
	</sql>

	<select id="count" resultType="int">
		select count(1) from ai_operator t
		<include refid="where" />
	</select>

	<select id="list" resultType="AiOperator">
		select * from ai_operator t
		<include refid="where" />
		${params.orderBy}
		limit #{offset}, #{limit}
	</select>

	<update id="update">
		update ai_operator t
		<set>
			<if test="name != null">
				name = #{name}, 
			</if>
			<if test="description != null">
				description = #{description}, 
			</if>
			<if test="level != null">
				level = #{level}, 
			</if>
			<if test="EXT4 != null">
				EXT4 = #{EXT4}, 
			</if>
			<if test="EXT5 != null">
				EXT5 = #{EXT5}, 
			</if>
			<if test="EXT6 != null">
				EXT6 = #{EXT6}, 
			</if>
			<if test="EXT1 != null">
				EXT1 = #{EXT1}, 
			</if>
			<if test="EXT2 != null">
				EXT2 = #{EXT2}, 
			</if>
			<if test="owernum != null">
				owernum = #{owernum}, 
			</if>

		</set>

		where t.id = #{id}
	</update>

</mapper>
